{"cameraMode":{"drawMode":0,"name":"Shaded","section":"Shading Mode"},"sceneLighting":true,"audioPlay":false,"sceneViewState":{"m_AlwaysRefresh":false,"showFog":true,"showSkybox":true,"showFlares":true,"showImageEffects":true,"showParticleSystems":true,"showVisualEffectGraphs":true,"m_FxEnabled":true},"in2DMode":false,"pivot":{"x":0.6568312644958496,"y":19.082386016845704,"z":39.738956451416019},"rotation":{"x":-0.006780728232115507,"y":0.938483476638794,"z":-0.3474804759025574,"w":-0.017253482714295389},"size":4.45382833480835,"orthographic":false}