{"cameraMode":{"drawMode":0,"name":"Shaded","section":"Shading Mode"},"sceneLighting":true,"audioPlay":false,"sceneViewState":{"m_AlwaysRefresh":false,"showFog":true,"showSkybox":true,"showFlares":true,"showImageEffects":true,"showParticleSystems":true,"showVisualEffectGraphs":true,"m_FxEnabled":true},"in2DMode":false,"pivot":{"x":25.309324264526368,"y":-20.119003295898439,"z":312.1265869140625},"rotation":{"x":0.02332163229584694,"y":0.07335294038057327,"z":-0.0019506665412336588,"w":0.9971070289611816},"size":146.1773681640625,"orthographic":false}