{"cameraMode":{"drawMode":0,"name":"Shaded","section":"Shading Mode"},"sceneLighting":true,"audioPlay":false,"sceneViewState":{"m_AlwaysRefresh":false,"showFog":true,"showSkybox":true,"showFlares":true,"showImageEffects":true,"showParticleSystems":true,"showVisualEffectGraphs":true,"m_FxEnabled":true},"in2DMode":false,"pivot":{"x":7.463334560394287,"y":-0.11183285713195801,"z":-28.785131454467775},"rotation":{"x":0.48085254430770876,"y":-0.02625841088593006,"z":0.012175503186881543,"w":0.8766996264457703},"size":11.657474517822266,"orthographic":false}