{"cameraMode":{"drawMode":0,"name":"Shaded","section":"Shading Mode"},"sceneLighting":true,"audioPlay":false,"sceneViewState":{"m_AlwaysRefresh":false,"showFog":true,"showSkybox":true,"showFlares":true,"showImageEffects":true,"showParticleSystems":true,"showVisualEffectGraphs":true,"m_FxEnabled":true},"in2DMode":false,"pivot":{"x":-0.37898898124694826,"y":0.9154584407806397,"z":32.99394607543945},"rotation":{"x":0.08158639073371887,"y":0.009734904393553734,"z":-0.0014819344505667687,"w":0.9975380897521973},"size":4.45382833480835,"orthographic":false}