{"cameraMode":{"drawMode":0,"name":"Shaded","section":"Shading Mode"},"sceneLighting":true,"audioPlay":false,"sceneViewState":{"m_AlwaysRefresh":false,"showFog":true,"showSkybox":true,"showFlares":true,"showImageEffects":true,"showParticleSystems":true,"showVisualEffectGraphs":true,"m_FxEnabled":true},"in2DMode":false,"pivot":{"x":2.9921345710754396,"y":3.6161677837371828,"z":-101.57218170166016},"rotation":{"x":-0.0017785197123885155,"y":0.9789586663246155,"z":0.022771432995796205,"w":-0.20812806487083436},"size":3.4670863151550295,"orthographic":false}