{"cameraMode":{"drawMode":0,"name":"Shaded","section":"Shading Mode"},"sceneLighting":true,"audioPlay":false,"sceneViewState":{"m_AlwaysRefresh":false,"showFog":true,"showSkybox":true,"showFlares":true,"showImageEffects":true,"showParticleSystems":true,"showVisualEffectGraphs":true,"m_FxEnabled":true},"in2DMode":false,"pivot":{"x":8.623706817626954,"y":-15.288013458251954,"z":-6.324594497680664},"rotation":{"x":0.34675347805023196,"y":0.04960906505584717,"z":-0.020450545474886895,"w":0.9367834329605103},"size":8.630989074707032,"orthographic":false}