{"cameraMode":{"drawMode":0,"name":"Shaded","section":"Shading Mode"},"sceneLighting":true,"audioPlay":false,"sceneViewState":{"m_AlwaysRefresh":false,"showFog":true,"showSkybox":true,"showFlares":true,"showImageEffects":true,"showParticleSystems":true,"showVisualEffectGraphs":true,"m_FxEnabled":true},"in2DMode":false,"pivot":{"x":8.397139549255371,"y":1.5366652011871338,"z":-4.499847412109375},"rotation":{"x":0.020567268133163453,"y":0.9198025465011597,"z":-0.04572876915335655,"w":0.39107003808021548},"size":2.123676061630249,"orthographic":false}